{"cameraMode":{"drawMode":0,"name":"Shaded","section":"Shading Mode"},"sceneLighting":false,"audioPlay":false,"sceneViewState":{"showFog":true,"showMaterialUpdate":false,"showSkybox":true,"showFlares":true,"showImageEffects":true,"showParticleSystems":true},"in2DMode":false,"pivot":{"x":-0.994225025177002,"y":2.4072000980377199,"z":15.619999885559082},"rotation":{"x":-0.07193563133478165,"y":0.5970916152000427,"z":-0.053883809596300128,"w":-0.7971219420433044},"size":0.6481096148490906,"orthographic":false}