{"cameraMode":{"drawMode":0,"name":"Shaded","section":"Shading Mode"},"sceneLighting":false,"audioPlay":false,"sceneViewState":{"showFog":true,"showMaterialUpdate":false,"showSkybox":true,"showFlares":true,"showImageEffects":true,"showParticleSystems":true},"in2DMode":false,"pivot":{"x":-25.09933090209961,"y":-1.6768200397491456,"z":282.74114990234377},"rotation":{"x":-0.03544997051358223,"y":0.32523301243782046,"z":-0.012201978825032711,"w":-0.9448904395103455},"size":40.932037353515628,"orthographic":false}