{"cameraMode":{"drawMode":0,"name":"Shaded","section":"Shading Mode"},"sceneLighting":false,"audioPlay":false,"sceneViewState":{"showFog":true,"showMaterialUpdate":false,"showSkybox":true,"showFlares":true,"showImageEffects":true,"showParticleSystems":true},"in2DMode":false,"pivot":{"x":0.06777381896972656,"y":0.5324509143829346,"z":2.1712114810943605},"rotation":{"x":-0.058171581476926807,"y":0.1001594141125679,"z":-0.005866046063601971,"w":-0.993252158164978},"size":40.932037353515628,"orthographic":false}