{"cameraMode":{"drawMode":0,"name":"Shaded","section":"Shading Mode"},"sceneLighting":false,"audioPlay":false,"sceneViewState":{"showFog":true,"showMaterialUpdate":false,"showSkybox":true,"showFlares":true,"showImageEffects":true,"showParticleSystems":true},"in2DMode":false,"pivot":{"x":-20.450008392333986,"y":6.417529106140137,"z":-13.034225463867188},"rotation":{"x":-0.058171581476926807,"y":0.1001594141125679,"z":-0.005866046063601971,"w":-0.993252158164978},"size":85.94207763671875,"orthographic":false}