{"cameraMode":{"drawMode":0,"name":"Shaded","section":"Shading Mode"},"sceneLighting":false,"audioPlay":false,"sceneViewState":{"showFog":true,"showMaterialUpdate":false,"showSkybox":true,"showFlares":true,"showImageEffects":true,"showParticleSystems":true},"in2DMode":false,"pivot":{"x":0.0000011920928955078126,"y":1.000000238418579,"z":0.0},"rotation":{"x":-0.2297888994216919,"y":0.07145810127258301,"z":-0.01692003197968006,"w":-0.970466136932373},"size":8.083317756652832,"orthographic":false}