{"cameraMode":{"drawMode":0,"name":"Shaded","section":"Shading Mode"},"sceneLighting":false,"audioPlay":false,"sceneViewState":{"showFog":true,"showMaterialUpdate":false,"showSkybox":true,"showFlares":true,"showImageEffects":true,"showParticleSystems":true},"in2DMode":false,"pivot":{"x":-0.9070000648498535,"y":2.6120002269744875,"z":15.619999885559082},"rotation":{"x":-0.023762615397572519,"y":0.6099937558174133,"z":-0.01830531284213066,"w":-0.7918382883071899},"size":1.2308920621871949,"orthographic":false}