{"cameraMode":{"drawMode":0,"name":"Shaded","section":"Shading Mode"},"sceneLighting":false,"audioPlay":false,"sceneViewState":{"showFog":true,"showMaterialUpdate":false,"showSkybox":true,"showFlares":true,"showImageEffects":true,"showParticleSystems":true},"in2DMode":false,"pivot":{"x":-7.589005947113037,"y":-64.44697570800781,"z":99.23580169677735},"rotation":{"x":-0.2297888994216919,"y":0.07145810127258301,"z":-0.01692003197968006,"w":-0.970466136932373},"size":149.35006713867188,"orthographic":false}