{"cameraMode":{"drawMode":0,"name":"Shaded","section":"Shading Mode"},"sceneLighting":false,"audioPlay":false,"sceneViewState":{"showFog":true,"showMaterialUpdate":false,"showSkybox":true,"showFlares":true,"showImageEffects":true,"showParticleSystems":true},"in2DMode":false,"pivot":{"x":-0.9070000648498535,"y":2.375800132751465,"z":15.619999885559082},"rotation":{"x":-0.07193563133478165,"y":0.5970916152000427,"z":-0.053883809596300128,"w":-0.7971219420433044},"size":1.2383124828338624,"orthographic":false}