{"cameraMode":{"drawMode":0,"name":"Shaded","section":"Shading Mode"},"sceneLighting":false,"audioPlay":false,"sceneViewState":{"showFog":true,"showMaterialUpdate":false,"showSkybox":true,"showFlares":true,"showImageEffects":true,"showParticleSystems":true},"in2DMode":false,"pivot":{"x":0.3124987781047821,"y":15.000003814697266,"z":0.0},"rotation":{"x":-0.058171581476926807,"y":0.1001594141125679,"z":-0.005866046063601971,"w":-0.993252158164978},"size":33.01777267456055,"orthographic":false}