{"cameraMode":{"drawMode":0,"name":"Shaded","section":"Shading Mode"},"sceneLighting":false,"audioPlay":false,"sceneViewState":{"showFog":true,"showMaterialUpdate":false,"showSkybox":true,"showFlares":true,"showImageEffects":true,"showParticleSystems":true},"in2DMode":false,"pivot":{"x":4.76837158203125e-7,"y":1.999999761581421,"z":2.980232238769531e-7},"rotation":{"x":-0.058171581476926807,"y":0.1001594141125679,"z":-0.005866046063601971,"w":-0.993252158164978},"size":11.431535720825196,"orthographic":false}